[{"Id":5001,"Grade":"AA"},{"Id":5002,"Grade":"AA"},{"Id":5003,"Grade":"AA"},{"Id":5004,"Grade":"AA"},{"Id":5005,"Grade":"AA"},{"Id":5006,"Grade":"BA"},{"Id":5007,"Grade":"CC"},{"Id":5008,"Grade":"BA"},{"Id":5009,"Grade":"CC"},{"Id":5010,"Grade":"Fail"},{"Id":5011,"Grade":"BA"},{"Id":5012,"Grade":"Fail"},{"Id":5013,"Grade":"Fail"},{"Id":5014,"Grade":"AA"},{"Id":5015,"Grade":"BA"},{"Id":5016,"Grade":"BA"},{"Id":5017,"Grade":"AA"},{"Id":5018,"Grade":"BA"},{"Id":5019,"Grade":"BA"},{"Id":5020,"Grade":"BB"},{"Id":5021,"Grade":"AA"},{"Id":5022,"Grade":"AA"},{"Id":5023,"Grade":"BB"},{"Id":5024,"Grade":"AA"},{"Id":5025,"Grade":"BA"},{"Id":5026,"Grade":"BB"},{"Id":5027,"Grade":"AA"},{"Id":5028,"Grade":"AA"},{"Id":5029,"Grade":"BB"},{"Id":5030,"Grade":"CC"},{"Id":5031,"Grade":"CC"},{"Id":5032,"Grade":"BB"},{"Id":5033,"Grade":"AA"},{"Id":5034,"Grade":"BA"},{"Id":5035,"Grade":"BA"},{"Id":5036,"Grade":"AA"},{"Id":5037,"Grade":"BA"},{"Id":5038,"Grade":"AA"},{"Id":5039,"Grade":"BA"},{"Id":5040,"Grade":"AA"},{"Id":5041,"Grade":"AA"},{"Id":5042,"Grade":"AA"},{"Id":5043,"Grade":"AA"},{"Id":5044,"Grade":"CB"},{"Id":5045,"Grade":"AA"},{"Id":5046,"Grade":"BB"},{"Id":5047,"Grade":"CC"},{"Id":5048,"Grade":"BB"},{"Id":5049,"Grade":"AA"},{"Id":5050,"Grade":"BA"},{"Id":5051,"Grade":"AA"},{"Id":5052,"Grade":"CB"},{"Id":5053,"Grade":"AA"},{"Id":5054,"Grade":"CC"},{"Id":5055,"Grade":"BB"},{"Id":5056,"Grade":"BB"},{"Id":5057,"Grade":"CC"},{"Id":5058,"Grade":"CB"},{"Id":5059,"Grade":"BB"},{"Id":5060,"Grade":"CC"},{"Id":5061,"Grade":"BA"},{"Id":5062,"Grade":"CC"},{"Id":5063,"Grade":"BB"},{"Id":5064,"Grade":"CC"},{"Id":5065,"Grade":"BB"},{"Id":5066,"Grade":"BA"},{"Id":5067,"Grade":"CC"},{"Id":5068,"Grade":"AA"},{"Id":5069,"Grade":"CC"},{"Id":5070,"Grade":"CC"},{"Id":5071,"Grade":"DD"},{"Id":5072,"Grade":"DC"},{"Id":5073,"Grade":"DC"},{"Id":5074,"Grade":"DC"},{"Id":5075,"Grade":"DD"},{"Id":5076,"Grade":"DD"},{"Id":5077,"Grade":"CB"},{"Id":5078,"Grade":"DD"},{"Id":5079,"Grade":"CB"},{"Id":5080,"Grade":"BB"},{"Id":5081,"Grade":"CB"},{"Id":5082,"Grade":"BB"},{"Id":5083,"Grade":"DD"},{"Id":5084,"Grade":"DD"},{"Id":5085,"Grade":"DD"},{"Id":5086,"Grade":"CB"},{"Id":5087,"Grade":"CC"},{"Id":5088,"Grade":"DC"},{"Id":5089,"Grade":"DC"},{"Id":5090,"Grade":"DC"},{"Id":5091,"Grade":"DC"},{"Id":5092,"Grade":"DC"},{"Id":5093,"Grade":"DD"},{"Id":5094,"Grade":"CB"},{"Id":5095,"Grade":"DC"},{"Id":5096,"Grade":"CC"},{"Id":5097,"Grade":"DD"},{"Id":5098,"Grade":"DC"},{"Id":5099,"Grade":"DD"},{"Id":5100,"Grade":"DD"},{"Id":5101,"Grade":"DC"},{"Id":5102,"Grade":"DD"},{"Id":5103,"Grade":"DD"},{"Id":5104,"Grade":"DD"},{"Id":5105,"Grade":"BB"},{"Id":5106,"Grade":"DD"},{"Id":5107,"Grade":"DD"},{"Id":5108,"Grade":"DC"},{"Id":5109,"Grade":"DC"},{"Id":5110,"Grade":"DD"},{"Id":5111,"Grade":"BA"},{"Id":5112,"Grade":"BA"},{"Id":5113,"Grade":"BA"},{"Id":5114,"Grade":"AA"},{"Id":5115,"Grade":"BA"},{"Id":5116,"Grade":"AA"},{"Id":5117,"Grade":"AA"},{"Id":5118,"Grade":"AA"},{"Id":5119,"Grade":"AA"},{"Id":5120,"Grade":"BA"},{"Id":5121,"Grade":"AA"},{"Id":5122,"Grade":"Fail"},{"Id":5123,"Grade":"BA"},{"Id":5124,"Grade":"AA"},{"Id":5125,"Grade":"BB"},{"Id":5126,"Grade":"BA"},{"Id":5127,"Grade":"BB"},{"Id":5128,"Grade":"AA"},{"Id":5129,"Grade":"Fail"},{"Id":5130,"Grade":"BB"},{"Id":5131,"Grade":"AA"},{"Id":5132,"Grade":"CB"},{"Id":5133,"Grade":"BB"},{"Id":5134,"Grade":"BB"},{"Id":5135,"Grade":"AA"},{"Id":5136,"Grade":"BA"},{"Id":5137,"Grade":"Fail"},{"Id":5138,"Grade":"BA"},{"Id":5139,"Grade":"Fail"},{"Id":5140,"Grade":"Fail"},{"Id":5141,"Grade":"CC"},{"Id":5142,"Grade":"CC"},{"Id":5143,"Grade":"AA"},{"Id":5144,"Grade":"CB"},{"Id":5145,"Grade":"BB"}]
