DATE,FEDFUNDS,FGEXPND,FGRECPT,FYFSGDA188S,GDPC1,GPDI,NASDAQCOM,PCE,UMCSENT
1954-07-01,1.03,69.904,62.331,NA,2684.434,58.971,NA,NA,NA
1954-10-01,0.9866666666666667,70.683,64.384,NA,2736.96,62.139,NA,NA,87
1955-01-01,1.3433333333333333,71.276,68.333,-0.70344,2815.134,68.702,NA,NA,95.9
1955-04-01,1.5,70.836,70.302,NA,2860.942,72.688,NA,NA,99.1
1955-07-01,1.94,72.676,71.967,NA,2899.578,74.747,NA,NA,NA
1955-10-01,2.356666666666667,71.777,73.688,NA,2916.985,78.882,NA,NA,99.7
1956-01-01,2.4833333333333334,71.909,74.193,0.87837,2905.656,78.303,NA,NA,NA
1956-04-01,2.6933333333333334,74.834,75.571,NA,2929.666,77.02,NA,NA,98.2
1956-07-01,2.81,74.181,75.386,NA,2927.034,78.267,NA,NA,99.9
1956-10-01,2.9266666666666667,76.822,78.22,NA,2975.209,77.145,NA,NA,100.2
1957-01-01,2.933333333333333,80.058,80.415,0.71977,2994.259,77.728,NA,NA,NA
1957-04-01,3,81.446,79.894,NA,2987.699,77.907,NA,NA,92.9
1957-07-01,3.2333333333333334,81.451,79.858,NA,3016.979,79.339,NA,NA,NA
1957-10-01,3.2533333333333334,84.813,77.1,NA,2985.775,71.045,NA,NA,83.7
1958-01-01,1.8633333333333333,83.792,73.586,-0.5754,2908.281,66.73,NA,NA,78.5
1958-04-01,0.94,88.476,73.486,NA,2927.395,65.065,NA,NA,80.9
1958-07-01,1.3233333333333333,89.193,76.73,NA,2995.112,71.999,NA,NA,NA
1958-10-01,2.163333333333333,90.999,80.422,NA,3065.141,80.001,NA,NA,90.8
1959-01-01,2.57,89.118,84.552,-2.46313,3123.978,83.166,NA,309.46666666666664,NA
1959-04-01,3.083333333333333,90.132,88.284,NA,3194.429,89.381,NA,315.5,95.3
1959-07-01,3.5766666666666667,90.742,86.484,NA,3196.683,83.606,NA,320.73333333333335,NA
1959-10-01,3.99,92.047,87.091,NA,3205.79,86.524,NA,322.8666666666667,93.8
1960-01-01,3.9333333333333336,90.543,95.237,0.0555,3277.847,96.476,NA,326.3666666666667,100
1960-04-01,3.6966666666666663,92.628,93.874,NA,3260.177,87.096,NA,332.2,93.3
1960-07-01,2.936666666666667,93.723,93.326,NA,3276.133,86.377,NA,332.1333333333333,97.2
1960-10-01,2.296666666666667,96.698,91.782,NA,3234.087,75.963,NA,334.03333333333336,90.1
1961-01-01,2.0033333333333334,96.51,91.825,-0.5932,3255.914,78.378,NA,334.53333333333336,91.6
1961-04-01,1.7333333333333332,100.155,93.757,NA,3311.181,84.108,NA,339.46666666666664,92.5
1961-07-01,1.6833333333333331,100.502,95.586,NA,3374.742,90.917,NA,342.3666666666667,99.2
1961-10-01,2.4,102.076,99.149,NA,3440.924,92.931,NA,349.6,93
1962-01-01,2.456666666666667,105.952,100.566,-1.18327,3502.298,98.074,NA,354.8666666666667,99.9
1962-04-01,2.606666666666667,107.795,102.104,NA,3533.947,96.706,NA,360.46666666666664,95.4
1962-07-01,2.8466666666666667,109.32,104.444,NA,3577.362,98.16,NA,364.3666666666667,91.6
1962-10-01,2.9233333333333333,111.161,105.634,NA,3589.128,94.968,NA,370.6,95
1963-01-01,2.966666666666667,112.116,108.65,-0.7461,3628.306,99.689,NA,374.26666666666665,98.4
1963-04-01,2.9633333333333334,112.048,110.929,NA,3669.02,101.65,NA,378.43333333333334,91.7
1963-07-01,3.33,113.773,112.083,NA,3749.681,104.612,NA,385.4,96.4
1963-10-01,3.453333333333333,116.055,113.686,NA,3774.264,107.189,NA,390.03333333333336,94.4
1964-01-01,3.4633333333333334,117.829,112.282,-0.86418,3853.835,110.474,NA,399.6,99.5
1964-04-01,3.49,118.785,108.6,NA,3895.793,110.518,NA,407.53333333333336,98.5
1964-07-01,3.456666666666667,118.123,111.394,NA,3956.657,112.631,NA,416.4,100.6
1964-10-01,3.5766666666666667,118.105,112.996,NA,3968.878,114.984,NA,419,99.9
1965-01-01,3.9766666666666666,119.954,118.98,-0.19009,4064.915,126.542,NA,429.7,102
1965-04-01,4.08,122.907,120.868,NA,4116.267,127.052,NA,436.6333333333333,105.4
1965-07-01,4.076666666666666,128.665,119.248,NA,4207.782,131.237,NA,445.8,103.4
1965-10-01,4.166666666666666,132.243,122.611,NA,4304.731,133.752,NA,459.76666666666665,102.9
1966-01-01,4.56,136.056,131.961,-0.45463,4409.518,144.2,NA,470.1333333333333,100
1966-04-01,4.913333333333334,142.395,136.737,NA,4424.581,143.501,NA,475.1666666666667,95.7
1966-07-01,5.41,146.957,139.097,NA,4462.053,143.194,NA,484.3333333333333,91.2
1966-10-01,5.5633333333333335,152.091,141.754,NA,4498.66,145.855,NA,490.06666666666666,88.3
1967-01-01,4.823333333333333,161.919,142.613,-1.00505,4538.498,142.811,NA,494.3333333333333,94.1
1967-04-01,3.99,164.163,143.666,NA,4541.28,137.495,NA,503.43333333333334,95.9
1967-07-01,3.8933333333333335,166.058,147.219,NA,4584.246,142.835,NA,510.7,97
1967-10-01,4.173333333333334,170.992,151.53,NA,4618.812,147.653,NA,518.2333333333333,92.9
1968-01-01,4.79,177.285,160.283,-2.67485,4713.013,152.288,NA,536.2666666666667,97.2
1968-04-01,5.983333333333333,183.665,165.013,NA,4791.758,158.943,NA,550.0333333333333,92.4
1968-07-01,5.946666666666666,186.229,176.139,NA,4828.892,155.683,NA,566.1333333333333,92.4
1968-10-01,5.916666666666666,190.202,180.877,NA,4847.885,160.76,NA,574.9333333333333,91.7
1969-01-01,6.566666666666666,188.097,190.311,0.31859,4923.76,172.388,NA,587.0333333333333,98.2
1969-04-01,8.326666666666668,194.972,193.411,NA,4938.728,172.721,NA,598.3666666666667,91.5
1969-07-01,8.983333333333333,199.772,191.114,NA,4971.349,177.564,NA,608.6,86.4
1969-10-01,8.94,205.097,192.503,NA,4947.104,171.573,NA,620.6,79.7
1970-01-01,8.573333333333332,208.693,186.404,-0.26479,4939.759,168.113,NA,631.6666666666666,78.1
1970-04-01,7.886666666666668,220.11,187.428,NA,4946.77,171.455,NA,641.5666666666667,75.4
1970-07-01,6.706666666666666,223.37,183.818,NA,4992.357,173.904,NA,653.5,77.6
1970-10-01,5.566666666666666,227.603,182.86,NA,4938.857,166.754,NA,660.1666666666666,72.4
1971-01-01,3.8566666666666665,233.12,187.534,-1.97734,5072.996,189.495,NA,679.1666666666666,78.1
1971-04-01,4.566666666666666,242.896,190.401,NA,5100.447,197.329,109.21523809523809,693.2333333333333,80.2
1971-07-01,5.476666666666667,242.609,190.828,NA,5142.422,202.058,108.4165625,705.6,82.1
1971-10-01,4.75,247.782,194.062,NA,5154.547,198.411,107.3075,721.7,82
1972-01-01,3.546666666666667,258.846,213.089,-1.82729,5249.337,212.968,122.3295238095238,738.9666666666667,92.8
1972-04-01,4.3,267.56,216.471,NA,5368.485,226.798,131.07421875,757.3666666666667,88.6
1972-07-01,4.743333333333333,260.264,219.399,NA,5419.184,233.09,129.4215873015873,775.7666666666667,95.2
1972-10-01,5.1466666666666665,285.409,227.075,NA,5509.926,239.715,131.32967213114753,800.5,90.7
1973-01-01,6.536666666666666,283.042,242.522,-1.0459,5646.286,254.313,125.81241935483871,825.0333333333333,81.9
1973-04-01,7.816666666666667,287.36,246.522,NA,5707.755,268.196,106.92015873015873,840.5333333333333,77
1973-07-01,10.56,286.911,249.57,NA,5677.738,264.335,105.4695238095238,858.8666666666667,72
1973-10-01,9.996666666666668,292.909,258.372,NA,5731.632,280.858,101.9875,873.9,76.5
1974-01-01,9.323333333333332,302.072,265.946,-0.39702,5682.353,268.361,93.85064516129032,891.8666666666667,61.8
1974-04-01,11.25,314.483,276.413,NA,5695.859,277.391,84.70063492063491,920.4,72.1
1974-07-01,12.09,324.454,287.468,NA,5642.025,271.013,66.1128125,949.2666666666667,64.4
1974-10-01,9.346666666666668,338.388,284.178,NA,5620.126,281.339,61.16375,959.0666666666667,59.5
1975-01-01,6.303333333333334,354.024,277.795,-3.15994,5551.713,244.306,70.30786885245902,985.2,57.6
1975-04-01,5.42,377.665,244.783,NA,5591.382,243.281,81.089375,1013.5666666666667,72.8
1975-07-01,6.16,379.106,288.242,NA,5687.087,265.192,80.06890625,1047.2,75.7
1975-10-01,5.413333333333334,388.241,296.518,NA,5763.665,276.236,77.02640625,1076.2666666666667,75.6
1976-01-01,4.826666666666666,393.991,312.071,-3.93571,5893.276,304.638,87.67,1109.9,84.6
1976-04-01,5.196666666666666,395.709,318.959,NA,5936.515,322.303,89.39142857142856,1129.5333333333333,83.3
1976-07-01,5.283333333333333,407.495,326.737,NA,5969.089,328.307,91.235625,1158.8,89.7
1976-10-01,4.873333333333334,416.741,332.586,NA,6012.356,337.65,91.274126984127,1192.4333333333334,87
1977-01-01,4.66,420.834,347.306,-2.5775,6083.391,360.313,96.21746031746031,1228.2,87.1
1977-04-01,5.156666666666666,428.835,361.277,NA,6201.659,389.703,96.65031746031747,1256,90.2
1977-07-01,5.82,442.98,367.93,NA,6313.559,414.134,100.75619047619048,1286.9,89
1977-10-01,6.513333333333334,456.618,378.968,NA,6313.697,422.299,101.21650793650794,1324.8,84.4
1978-01-01,6.756666666666667,468.33,386.734,-2.5168,6333.848,434.799,102.43645161290323,1354.0333333333333,82.26666666666667
1978-04-01,7.283333333333333,478.557,416.291,NA,6578.605,470.584,117.48953125,1411.4,81.5
1978-07-01,8.1,492.031,436.032,NA,6644.754,492.368,130.08714285714285,1442.2333333333333,80.4
1978-10-01,9.583333333333332,504.542,456.243,NA,6734.069,515.755,119.8484126984127,1481.3333333333333,73.46666666666667
1979-01-01,10.073333333333332,511.805,466.743,-1.55009,6746.176,525.809,125.4920634920635,1517.1333333333334,71.46666666666667
1979-04-01,10.18,522.934,480.375,NA,6753.389,539.293,133.44460317460317,1557.6333333333334,66.63333333333334
1979-07-01,10.946666666666667,543.29,494.758,NA,6803.558,545.621,144.74333333333334,1611.8666666666666,63.86666666666667
1979-10-01,13.576666666666668,559.516,506.212,NA,6820.572,547.875,142.52375,1655.0666666666666,62.13333333333333
1980-01-01,15.046666666666665,583.861,517.694,-2.5839,6842.024,554.562,152.52523809523808,1702.3,63.46666666666667
1980-04-01,12.686666666666667,608.694,515.412,NA,6701.046,519.294,145.80015873015873,1704.7,54.36666666666667
1980-07-01,9.836666666666668,639.968,535.906,NA,6693.082,495.071,177.873125,1763.8,67.76666666666667
1980-10-01,15.853333333333335,657.298,565.766,NA,6817.903,551.472,198.08793650793652,1831.8666666666666,72.06666666666666
1981-01-01,16.57,680.243,605.919,-2.46233,6951.495,619.381,199.29693548387098,1885.7,68.26666666666667
1981-04-01,17.78,695.699,616.972,NA,6899.98,609.843,217.2901587301587,1917.5666666666666,73.93333333333334
1981-07-01,17.576666666666664,722.114,635.312,NA,6982.609,652.297,200.71609375,1958.0666666666666,74.8
1981-10-01,13.586666666666668,738.484,626.044,NA,6906.529,643.395,195.4109375,1974.4333333333334,65.7
1982-01-01,14.226666666666667,753.575,616.913,-3.8273,6799.233,588.318,180.79096774193548,2014.1333333333334,66.5
1982-04-01,14.513333333333334,767.553,624.274,NA,6830.251,593.621,179.30984126984129,2039.6333333333334,66.23333333333333
1982-07-01,11.006666666666668,794.534,615.22,NA,6804.139,592.954,173.9296875,2085.633333333333,66.7
1982-10-01,9.286666666666667,828.404,618.246,NA,6806.857,549.242,221.47109375,2145.5666666666666,72.46666666666667
1983-01-01,8.653333333333332,831.494,622.851,-5.71821,6896.561,565.52,254.99285714285716,2184.6,75.26666666666667
1983-04-01,8.803333333333333,852.517,649.294,NA,7053.5,613.783,301.07047619047614,2249.4333333333334,91.53333333333333
1983-07-01,9.46,864.3,644.513,NA,7194.504,652.269,304.02734375,2319.9,91.2
1983-10-01,9.43,859.457,662.403,NA,7344.597,718.496,281.3484126984127,2372.5,91.53333333333333
1984-01-01,9.686666666666667,874.942,692.666,-4.591,7488.167,790.872,262.4971428571429,2418.1666666666665,99.5
1984-04-01,10.556666666666667,897.828,706.797,NA,7617.547,818.894,242.9893650793651,2475.866666666667,96.56666666666666
1984-07-01,11.39,914.311,714.664,NA,7690.985,838.852,244.86555555555555,2513.5333333333333,98.86666666666666
1984-10-01,9.266666666666667,943.661,730.548,NA,7754.117,831.741,245.2678125,2561.766666666667,94.96666666666667
1985-01-01,8.476666666666667,952.096,781.049,-4.89304,7829.26,809.865,275.14838709677423,2636.0333333333333,94.46666666666667
1985-04-01,7.923333333333333,966.688,745.285,NA,7898.194,827.04,286.21698412698413,2681.766666666667,94.3
1985-07-01,7.9,984.669,784.058,NA,8018.809,822.157,296.46206349206346,2754.1666666666665,92.83333333333333
1985-10-01,8.1033333333333335,996.43,792.513,NA,8078.415,859.545,302.73703125,2779.4,91.06666666666666
1986-01-01,7.826666666666667,1007.454,800.95,-4.83067,8153.829,863.457,347.8529508196721,2823.633333333333,95.53333333333333
1986-04-01,6.92,1033.105,805.141,NA,8190.552,855.237,389.76,2851.4666666666667,96.76666666666667
1986-07-01,6.206666666666666,1052.329,819.983,NA,8268.935,835.832,373.4625,2917.2,94.83333333333333
1986-10-01,6.266666666666667,1042.504,845.559,NA,8313.338,842.063,355.89875,2952.8,92.03333333333333
1987-01-01,6.22,1045.149,847.588,-3.0839,8375.274,871.196,409.6743548387097,2983.5,90.46666666666667
1987-04-01,6.65,1061.117,917.117,NA,8465.63,874.588,421.145873015873,3053.3333333333335,91.8
1987-07-01,6.843333333333334,1064.747,909.12,NA,8539.075,876.466,439.890625,3117.3333333333335,93.9
1987-10-01,6.916666666666666,1089.898,924.141,NA,8685.694,946.459,340.095,3150.9333333333334,86.4
1988-01-01,6.663333333333334,1107.967,941.345,-2.96343,8730.569,908.569,357.0576190476191,3231.866666666667,92.33333333333333
1988-04-01,7.156666666666666,1108.813,950.149,NA,8845.28,934.525,378.50492063492067,3291.7,93.56666666666666
1988-07-01,7.9833333333333325,1120.902,967.626,NA,8897.107,942.009,384.12921875,3361.9,96.03333333333333
1988-10-01,8.47,1151.873,990.606,NA,9015.661,962.748,377.8942857142857,3434.5333333333333,93
1989-01-01,9.443333333333333,1171.136,1031.053,-2.70561,9107.314,1005.487,399.0517741935484,3490.1666666666665,95.86666666666666
1989-04-01,9.726666666666667,1194.208,1032.695,NA,9176.827,1001.047,434.08234375,3553.8,90.93333333333334
1989-07-01,9.083333333333332,1212.452,1046.881,NA,9244.816,996.46,459.38952380952384,3609.4,92.46666666666667
1989-10-01,8.613333333333333,1229.556,1059.266,NA,9263.033,995.809,458.1255555555556,3653.7,91.76666666666667
1990-01-01,8.25,1261.251,1062.617,-3.7067,9364.259,1010.838,433.74063492063493,3737.9333333333334,91.26666666666667
1990-04-01,8.243333333333332,1287.513,1079.516,NA,9398.243,1014.72,444.8484126984127,3783.4333333333334,90.93333333333334
1990-07-01,8.16,1297.056,1097.485,NA,9404.494,1000.785,407.78555555555556,3846.7,79.13333333333334
1990-10-01,7.743333333333333,1317.797,1110.899,NA,9318.876,947.453,351.2521875,3867.9333333333334,65.13333333333334
1991-01-01,6.426666666666667,1281.354,1095.589,-4.37207,9275.276,924.569,427.50754098360653,3873.5666666666666,74.96666666666667
1991-04-01,5.863333333333333,1345.598,1100.96,NA,9347.597,926.541,492.6103125,3926.9333333333334,80.73333333333333
1991-07-01,5.6433333333333335,1384.626,1111.369,NA,9394.834,947.476,507.3253125,3973.266666666667,82.63333333333334
1991-10-01,4.816666666666666,1413.344,1123.376,NA,9427.581,978.788,536.2975,4000.0333333333333,71.86666666666666
1992-01-01,4.023333333333333,1458.39,1132.752,-4.45255,9540.444,956.817,622.0039682539683,4100.4,70.76666666666667
1992-04-01,3.77,1476.444,1147.78,NA,9643.893,1013.084,576.7388888888888,4155.666666666667,78.93333333333334
1992-07-01,3.256666666666667,1498.726,1154.549,NA,9739.185,1024.162,572.73453125,4227,76.1
1992-10-01,3.0366666666666666,1521.869,1182.333,NA,9840.753,1057.962,625.5578125,4307.2,83.2
1993-01-01,3.04,1522.365,1184.875,-3.71873,9857.185,1083.829,685.7841935483871,4349.5,87.26666666666667
1993-04-01,3,1532.659,1223.883,NA,9914.565,1094.479,682.5295238095239,4418.6,82.46666666666667
1993-07-01,3.06,1550.905,1232.038,NA,9961.873,1095.852,724.8340625,4487.166666666667,77.4
1993-10-01,2.99,1572.369,1283.357,NA,10097.362,1153.142,766.04734375,4552.666666666667,84.03333333333333
1994-01-01,3.2133333333333334,1552.96,1283.869,-2.78825,10195.338,1201.675,787.1079365079365,4621.233333333334,93
1994-04-01,3.94,1567.862,1329.298,NA,10333.495,1264.948,727.5366129032259,4683.166666666667,92.2
1994-07-01,4.486666666666666,1596.722,1339.921,NA,10393.898,1251.749,739.1634375,4752.733333333334,90.73333333333333
1994-10-01,5.166666666666666,1622.331,1364.292,NA,10512.962,1307.566,752.6226984126984,4826.7,93.13333333333334
1995-01-01,5.81,1642.508,1388.068,-2.14604,10550.251,1327.586,783.8669841269841,4862.466666666666,94.33333333333333
1995-04-01,6.02,1659.406,1416.403,NA,10581.723,1303.988,865.5382539682539,4933.6,91.66666666666667
1995-07-01,5.796666666666666,1670.844,1423.846,NA,10671.738,1303.248,1013.1388888888889,4998.666666666667,93.16666666666667
1995-10-01,5.72,1665.404,1441.408,NA,10744.203,1335.135,1038.2077777777777,5055.666666666667,89.8
1996-01-01,5.363333333333333,1701.217,1476.422,-1.33072,10824.674,1355.353,1069.44,5130.6,90.5
1996-04-01,5.243333333333333,1711.469,1531.314,NA,11005.217,1418.388,1187.3268253968254,5220.533333333334,91.5
1996-07-01,5.306666666666667,1715.062,1544.427,NA,11103.935,1474.35,1140.71453125,5274.5,94.9
1996-10-01,5.28,1735.168,1593.223,NA,11219.238,1480.128,1261.168125,5352.766666666666,97.53333333333333
1997-01-01,5.276666666666666,1736.733,1615.265,-0.25513,11291.665,1522.404,1326.075081967213,5433.1,99.03333333333333
1997-04-01,5.523333333333333,1755.842,1651.819,NA,11479.33,1590.218,1331.64578125,5471.233333333334,103.03333333333333
1997-07-01,5.533333333333333,1757.977,1689.431,NA,11622.911,1625.251,1594.9971875,5579.166666666667,105.83333333333333
1997-10-01,5.506666666666667,1786.848,1713.033,NA,11722.722,1644.529,1618.51203125,5663.633333333333,104.96666666666667
1998-01-01,5.52,1768.79,1744.269,0.76433,11839.876,1712.324,1691.3965573770492,5721.333333333333,107.83333333333333
1998-04-01,5.5,1781.911,1771.548,NA,11949.492,1695.773,1827.500476190476,5832.566666666667,106.93333333333334
1998-07-01,5.533333333333333,1788.538,1808.447,NA,12099.191,1741.623,1798.8503125,5926.866666666667,103.5
1998-10-01,4.86,1814.518,1835.085,NA,12294.737,1796.964,1857.5378125,6028.233333333334,100.2
1999-01-01,4.733333333333333,1811.988,1860.002,1.3042,12410.778,1853.063,2370.118032786885,6102.033333333334,105.9
1999-04-01,4.746666666666666,1816.961,1885.184,NA,12514.408,1848.341,2523.9461904761906,6230.633333333333,106.23333333333333
1999-07-01,5.093333333333334,1843.205,1914.862,NA,12679.977,1893.735,2729.1765625,6335.333333333333,105.9
1999-10-01,5.306666666666667,1875.154,1963.756,NA,12888.281,1953.097,3269.3696875,6467.033333333334,105.26666666666667
2000-01-01,5.676666666666667,1866.308,2041.764,2.30458,12935.252,1950.65,4427.8734920634915,6618.233333333334,110.13333333333334
2000-04-01,6.273333333333333,1908.645,2056.279,NA,13170.749,2075.786,3747.2185714285715,6711.9,108.76666666666667
2000-07-01,6.52,1918.617,2076.268,NA,13183.89,2059.969,3933.188412698413,6819.966666666666,107.46666666666667
2000-10-01,6.473333333333334,1938.796,2096.796,NA,13262.25,2067.227,3026.412857142857,6918.6,103.93333333333334
2001-01-01,5.593333333333334,1982.626,2111.058,1.21184,13219.251,1971.333,2355.5251612903226,6995.3,92.26666666666667
2001-04-01,4.326666666666666,2003.581,2098.359,NA,13301.394,1973.033,2079.626984126984,7042.233333333334,91
2001-07-01,3.4966666666666666,2037.703,1907.679,NA,13248.142,1944.909,1876.2133898305085,7070.333333333333,88.56666666666666
2001-10-01,2.1333333333333333,2045.404,2012.375,NA,13284.881,1850.091,1826.92765625,7187.3,85.13333333333334
2002-01-01,1.7333333333333332,2091.469,1865.637,-1.44347,13394.91,1912.659,1882.7951666666665,7217.733333333334,93.13333333333334
2002-04-01,1.75,2130.186,1868.032,NA,13477.356,1933.282,1645.785,7307.966666666666,94.1
2002-07-01,1.74,2148.447,1869.778,NA,13531.741,1933.197,1309.95609375,7397.133333333333,87.26666666666667
2002-10-01,1.4433333333333331,2184.697,1880.098,NA,13549.421,1942.531,1341.83109375,7472.966666666666,83.83333333333333
2003-01-01,1.25,2220.262,1889.816,-3.29583,13619.434,1960.221,1351.660655737705,7567.133333333333,79.96666666666667
2003-04-01,1.2466666666666668,2299.919,1912.664,NA,13741.107,1972.386,1521.9215873015871,7661.466666666666,89.26666666666667
2003-07-01,1.0166666666666668,2309.622,1840.186,NA,13970.157,2044.304,1765.19890625,7820.933333333333,89.3
2003-10-01,0.9966666666666667,2344.18,1941.796,NA,14131.379,2131.311,1934.07765625,7913.466666666666,91.96666666666667
2004-01-01,1.0033333333333332,2381.04,1952.066,-3.37825,14212.34,2154.052,2038.8214516129033,8048.766666666666,98
2004-04-01,1.01,2400.4,2003.483,NA,14323.017,2262.607,1985.0020967741937,8147.1,93.33333333333333
2004-07-01,1.4333333333333331,2428.795,2062.813,NA,14457.832,2318.272,1872.0953125,8283.333333333334,95.6
2004-10-01,1.95,2476.05,2093.96,NA,14605.595,2390.082,2051.76984375,8448.666666666666,93.86666666666666
2005-01-01,2.47,2548.019,2242.79,-2.44145,14767.846,2486.068,2055.0155737704918,8551.733333333334,94.06666666666666
2005-04-01,2.9433333333333334,2578.686,2272.008,NA,14839.707,2476.474,2013.20765625,8701.133333333333,90.2
2005-07-01,3.46,2617.33,2316.739,NA,14956.291,2531.076,2149.5334375,8868.1,87.5
2005-10-01,3.98,2649.819,2387.286,NA,15041.232,2645.263,2178.6719047619044,8955.266666666666,82.43333333333334
2006-01-01,4.456666666666666,2728.184,2482.895,-1.79638,15244.088,2709.74,2288.7962903225803,9100.166666666666,88.93333333333334
2006-04-01,4.906666666666666,2749.085,2518.505,NA,15281.525,2709.252,2235.7804761904763,9227.666666666666,83.8
2006-07-01,5.246666666666666,2775.712,2562.861,NA,15304.517,2709.42,2140.82,9353.8,84.03333333333333
2006-10-01,5.246666666666666,2789.906,2590.85,NA,15433.643,2675.406,2388.646031746032,9427.366666666667,92.46666666666667
2007-01-01,5.256666666666667,2869.326,2659.486,-1.11026,15478.956,2664.295,2442.8518032786887,9572.133333333333,92.2
2007-04-01,5.25,2905.202,2674.206,NA,15577.779,2699.217,2553.3615873015874,9678.733333333334,86.9
2007-07-01,5.073333333333333,2945.721,2666.732,NA,15671.605,2685.969,2606.6666666666665,9798.366666666667,85.73333333333333
2007-10-01,4.496666666666666,2991.765,2672.884,NA,15767.146,2642.56,2704.6778125,9937.133333333333,77.5
2008-01-01,3.1766666666666667,3043.523,2638.949,-3.10465,15702.906,2563.701,2334.308852459016,10004.466666666667,72.9
2008-04-01,2.086666666666667,3397.452,2621.006,NA,15792.773,2540.595,2425.35609375,10129.9,59.6
2008-07-01,1.94,3194.11,2574.57,NA,15709.562,2498.242,2290.6703125,10159.066666666668,64.83333333333333
2008-10-01,0.5066666666666666,3192.866,2493.677,NA,15366.607,2307.915,1604.34625,9906.933333333332,57.666666666666664
2009-01-01,0.18333333333333332,3322.767,2222.444,-9.75744,15187.475,2014.878,1483.3885245901638,9814.966666666667,58.266666666666666
2009-04-01,0.18,3524.671,2223.824,NA,15161.772,1863.65,1733.0061904761903,9805.5,68.2
2009-07-01,0.15666666666666665,3532.903,2225.501,NA,15216.647,1841.416,1983.5059375,9939.4,68.4
2009-10-01,0.12,3560.619,2296.492,NA,15379.155,1998.71,2162.9146875,10005,70.16666666666667
2010-01-01,0.13333333333333333,3710.549,2366.132,-8.60107,15456.059,2038.161,2280.5522950819673,10101.833333333334,73.86666666666666
2010-04-01,0.19333333333333333,3745.712,2420.673,NA,15605.628,2148.795,2342.0626984126984,10208.133333333333,73.93333333333334
2010-07-01,0.18666666666666665,3792.438,2483.29,NA,15726.282,2236.495,2237.45640625,10300.766666666666,68.3
2010-10-01,0.18666666666666665,3809.802,2514.962,NA,15807.995,2238.44,2536.13,10430.333333333334,71.26666666666667
2011-01-01,0.15666666666666665,3811.259,2566.855,-8.33091,15769.911,2205.962,2739.4193548387098,10558.2,73.06666666666666
2011-04-01,0.09333333333333332,3849.373,2574.972,NA,15876.839,2297.352,2764.901746031746,10673.033333333333,71.86666666666666
2011-07-01,0.08333333333333333,3783.833,2565.373,NA,15870.684,2322.84,2606.6359375,10755.033333333333,59.666666666666664
2011-10-01,0.07333333333333333,3786.535,2587.239,NA,16048.702,2504.095,2600.913650793651,10809.166666666666,64.8
2012-01-01,0.10333333333333332,3774.361,2663.949,-6.62345,16179.968,2567.75,2907.188064516129,10959.3,75.5
2012-04-01,0.15333333333333332,3772.881,2679.747,NA,16253.726,2636.863,2926.483809523809,11005.033333333333,76.3
2012-07-01,0.1433333333333333,3777.297,2690.555,NA,16282.151,2644.119,3026.5552380952386,11059.366666666667,74.96666666666667
2012-10-01,0.16,3769.473,2769.018,NA,16300.035,2638.282,3001.655806451613,11165.666666666666,79.4
2013-01-01,0.1433333333333333,3759.998,2985.985,-4.0359,16441.485,2738.236,3176.376166666667,11265.6,76.66666666666667
2013-04-01,0.11666666666666665,3777.383,3248.895,NA,16464.402,2775.276,3368.01296875,11290.966666666667,81.66666666666667
2013-07-01,0.08333333333333333,3774.113,3074.889,NA,16594.743,2879.995,3640.89546875,11379.2,81.56666666666666
2013-10-01,0.08666666666666666,3773.864,3248.515,NA,16712.76,2910.546,3957.07625,11518.366666666667,76.93333333333334
2014-01-01,0.07333333333333333,3820.883,3261.972,-2.76225,16654.247,2899.216,4210.404754098361,11618.1,80.93333333333334
2014-04-01,0.09333333333333332,3877.657,3295.28,NA,16868.109,3030.425,4195.806349206349,11784.666666666666,82.83333333333333
2014-07-01,0.09,3933.198,3301.917,NA,17064.616,3107.62,4482.7428125,11934.3,82.96666666666667
2014-10-01,0.1,3929.666,3312.835,NA,17141.235,3139.452,4600.93859375,12053.833333333334,89.76666666666667
2015-01-01,0.11,3973.876,3391.403,-2.42755,17280.647,3245.05,4825.264426229509,12083.933333333332,95.5
2015-04-01,0.12333333333333332,3993.062,3446.135,NA,17380.875,3245.825,5030.167142857143,12224.733333333334,94.23333333333333
2015-07-01,0.13666666666666666,4015.19,3446.929,NA,17437.08,3251.67,4924.328125,12347.733333333334,90.73333333333333
2015-10-01,0.16,4054.768,3511.572,NA,17462.579,3206.098,4998.138125,12397.533333333333,91.3
2016-01-01,0.36,4089.853,3447.347,-3.12729,17565.465,3174.386,4614.200655737705,12495.066666666668,91.56666666666666
2016-04-01,0.37333333333333335,4103.589,3450.18,NA,17618.581,3178.537,4845.7121875,12637.366666666667,92.4
2016-07-01,0.39666666666666667,4153.525,3471.452,NA,17724.489,3185.73,5168.8890625,12759.066666666668,90.33333333333333
2016-10-01,0.45,4178.499,3486.088,NA,17812.56,3281.493,5309.890317460317,12881.533333333333,93.06666666666666
2017-01-01,0.7,4193.7,3509.895,-3.41611,17896.623,3283.481,5736.322258064516,13046.466666666667,97.23333333333333
2017-04-01,0.95,4199.146,3491.13,NA,17996.802,3357.362,6095.441746031746,13144.4,96.36666666666666
2017-07-01,1.1533333333333333,4262.241,3532.81,NA,18126.226,3413.3,6343.13015873016,13268.133333333333,95.1
2017-10-01,1.2033333333333334,4328.522,3567.005,NA,18296.685,3471.425,6758.381111111112,13497.433333333332,98.36666666666666
2018-01-01,1.4466666666666668,4404.027,3494.325,-3.79564,18436.262,3550.839,7253.848524590165,13667.433333333332,98.93333333333334
2018-04-01,1.7366666666666668,4465.605,3536.836,NA,18590.004,3603.22,7355.938859375,13864.766666666666,98.33333333333333
2018-07-01,1.9233333333333331,4521.297,3619.922,NA,18679.599,3679.569,7874.576365079365,14002.6,98.06666666666666
2018-10-01,2.22,4597.545,3625.054,NA,NA,3717.518,7215.114587301588,14119.333333333332,98.13333333333334
2019-01-01,2.4033333333333333,4691.794,3676.387,-4.60212,NA,3801.932,7343.621459016393,14155.566666666668,94.46666666666667
2019-04-01,2.396666666666667,4739.145,3705.957,NA,NA,3842.963,7876.666359375,14375.733333333334,98.46666666666667
2019-07-01,2.19,4789.838,3708.942,NA,NA,3858.192,8067.463734375,14529.5,93.8
2019-10-01,1.643333333333333,4823.772,3763.387,NA,NA,3801.943,8445.708765625,14653.933333333332,97.2
2020-01-01,1.26,4909.191,3751.222,-14.99223,NA,3752.361,8771.729403225807,14439.066666666668,96.63333333333334
2020-04-01,0.06,9106.697,3481.093,NA,NA,3166.987,9091.000587301587,12989.733333333334,74.06666666666666
2020-07-01,0.09333333333333332,7206.777,3690.469,NA,NA,3708.799,10926.833625,14293.8,75.66666666666667
2020-10-01,0.09,5955.209,3815.132,NA,NA,3923.164,11954.429548953123,14467.6,79.8
2021-01-01,0.08,8071.42,3982.56,-12.06874,NA,3927.984,13351.456393442624,15005.466666666667,80.23333333333333
2021-04-01,0.07,7490.479,4177.798,NA,NA,3925.069,13847.628095238097,15681.7,85.56666666666666
2021-07-01,0.09,6560.351,4324.761,NA,NA,4099.571,14839.97234375,15964.966666666667,74.76666666666667
2021-10-01,0.08,5963.497,4465.362,NA,NA,4527.181,15390.78671875,16314.233333333334,69.9
2022-01-01,0.12,5796.055,4816.384,NA,NA,4695.065,14000.619838709676,16670.1,63.13333333333333
2022-04-01,0.77,NA,NA,NA,NA,NA,12195.24,NA,NA
1947-01-01,NA,40.902,43.401,1.60967,2034.45,35.854,NA,NA,NA
1947-04-01,NA,40.346,42.459,NA,2029.024,34.505,NA,NA,NA
1947-07-01,NA,42.007,41.628,NA,2024.834,34.911,NA,NA,NA
1947-10-01,NA,38.149,43.769,NA,2056.508,43.25,NA,NA,NA
1948-01-01,NA,38.915,44.047,4.29777,2087.442,47.202,NA,NA,NA
1948-04-01,NA,39.904,42.495,NA,2121.899,50.336,NA,NA,NA
1948-07-01,NA,42.739,41.615,NA,2134.056,52.516,NA,NA,NA
1948-10-01,NA,44.051,41.349,NA,2136.44,51.334,NA,NA,NA
1949-01-01,NA,45.908,39.928,0.21286,2107.001,43.14,NA,NA,NA
1949-04-01,NA,47.016,37.917,NA,2099.814,36.241,NA,NA,NA
1949-07-01,NA,46.824,37.432,NA,2121.493,39.549,NA,NA,NA
1949-10-01,NA,45.583,36.163,NA,2103.688,37.468,NA,NA,NA
1950-01-01,NA,52.902,41.366,-1.04027,2186.365,46.749,NA,NA,NA
1950-04-01,NA,46.098,45.536,NA,2253.045,52.291,NA,NA,NA
1950-07-01,NA,42.215,51.815,NA,2340.112,58.641,NA,NA,NA
1950-10-01,NA,46.464,56.496,NA,2384.92,68.441,NA,NA,NA
1951-01-01,NA,51.8,64.509,1.75894,2417.311,64.582,NA,NA,NA
1951-04-01,NA,56.56,61.636,NA,2459.196,67.383,NA,NA,NA
1951-07-01,NA,61.393,60.883,NA,2509.88,61.981,NA,NA,NA
1951-10-01,NA,63.905,64.633,NA,2515.408,57.084,NA,NA,NA
1952-01-01,NA,63.546,64.733,-0.41351,2542.286,58.132,NA,NA,NA
1952-04-01,NA,67.23,64.809,NA,2547.762,53.004,NA,NA,NA
1952-07-01,NA,70.056,65.28,NA,2566.153,57.22,NA,NA,NA
1952-10-01,NA,70.885,68.42,NA,2650.431,60.737,NA,NA,NA
1953-01-01,NA,71.596,70.117,-1.66822,2699.699,61.663,NA,NA,90.7
1953-04-01,NA,73.781,70.463,NA,2720.566,62.115,NA,NA,NA
1953-07-01,NA,72.127,69.534,NA,2705.258,61.435,NA,NA,80.8
1953-10-01,NA,73.561,64.313,NA,2664.302,56.446,NA,NA,80.7
1954-01-01,NA,71.375,61.631,-0.29548,2651.566,55.717,NA,NA,82
1954-04-01,NA,70.056,61.697,NA,2654.456,55.449,NA,NA,82.9
1929-01-01,NA,NA,NA,0.70202,NA,NA,NA,NA,NA
1930-01-01,NA,NA,NA,0.80078,NA,NA,NA,NA,NA
1931-01-01,NA,NA,NA,-0.59697,NA,NA,NA,NA,NA
1932-01-01,NA,NA,NA,-4.59494,NA,NA,NA,NA,NA
1933-01-01,NA,NA,NA,-4.55261,NA,NA,NA,NA,NA
1934-01-01,NA,NA,NA,-5.36826,NA,NA,NA,NA,NA
1935-01-01,NA,NA,NA,-3.77554,NA,NA,NA,NA,NA
1936-01-01,NA,NA,NA,-5.07368,NA,NA,NA,NA,NA
1937-01-01,NA,NA,NA,-2.35799,NA,NA,NA,NA,NA
1938-01-01,NA,NA,NA,-0.10189,NA,NA,NA,NA,NA
1939-01-01,NA,NA,NA,-3.0459,NA,NA,NA,NA,NA
1940-01-01,NA,NA,NA,-2.83773,NA,NA,NA,NA,NA
1941-01-01,NA,NA,NA,-3.82108,NA,NA,NA,NA,NA
1942-01-01,NA,NA,NA,-12.35478,NA,NA,NA,NA,NA
1943-01-01,NA,NA,NA,-26.86278,NA,NA,NA,NA,NA
1944-01-01,NA,NA,NA,-21.18852,NA,NA,NA,NA,NA
1945-01-01,NA,NA,NA,-20.85594,NA,NA,NA,NA,NA
1946-01-01,NA,NA,NA,-7.00376,NA,NA,NA,NA,NA
